name,nameHi,aliases,kcal,proteinG,fatG,carbG,fibreG,sodiumMg,addedSugarG,saturatedFatG,tags,suitableFor,allergens,costTier,source,sourceRef,measures
Roti (whole wheat),रोटी,roti|chapati|chapatti|phulka|whole wheat roti|atta roti,297,11.0,3.7,55.0,10.0,2,0,0.6,gi:medium|attr:high_fibre|meal:lunch|cuisine:north,veg|eggetarian|non_veg|vegan|jain,wheat_gluten,low,manual,,roti=35*
Bajra roti,बाजरे की रोटी,bajra roti|bajre ki roti|pearl millet roti|millet roti|bajra rotla,335,11.6,5.0,61.0,11.3,10,0,1.0,gi:medium|attr:high_fibre|attr:iron_rich|meal:lunch|cuisine:north,veg|eggetarian|non_veg|vegan|jain,,low,manual,,roti=45*
Jowar roti,ज्वार की रोटी,jowar roti|jwar roti|sorghum roti|jowar bhakri|jonna rotte,327,10.4,1.9,67.0,9.7,8,0,0.4,gi:medium|attr:high_fibre|meal:lunch|cuisine:west,veg|eggetarian|non_veg|vegan|jain,,low,manual,,roti=45*
Ragi roti,रागी की रोटी,ragi roti|finger millet roti|nachni roti|ragi rotti,329,7.3,1.3,72.0,11.5,11,0,0.3,gi:medium|attr:high_fibre|attr:calcium_rich|meal:lunch|cuisine:south,veg|eggetarian|non_veg|vegan|jain,,low,manual,,roti=45*
Missi roti,मिस्सी रोटी,missi roti|misi roti|besan roti,322,12.0,6.0,55.0,8.0,260,0,1.2,gi:medium|attr:high_fibre|meal:lunch|cuisine:north,veg|eggetarian|non_veg|vegan|jain,wheat_gluten,low,manual,,roti=40*
Makki roti,मक्के की रोटी,makki roti|makke di roti|corn roti|maize roti|makka roti,333,8.8,3.8,66.0,7.0,9,0,0.8,gi:medium|attr:high_fibre|meal:lunch|cuisine:north,veg|eggetarian|non_veg|vegan|jain,,low,manual,,roti=50*
Tandoori roti,तंदूरी रोटी,tandoori roti|tandoori chapati|tanduri roti,288,10.5,2.5,56.0,8.0,180,0,0.5,gi:medium|attr:high_fibre|meal:dinner|cuisine:north,veg|eggetarian|non_veg|vegan|jain,wheat_gluten,low,manual,,roti=45*
Naan (plain),नान,naan|nan|plain naan|tandoori naan,308,9.0,8.0,50.0,2.0,320,1.0,3.0,gi:high|meal:dinner|cuisine:north,veg|eggetarian|non_veg|jain,wheat_gluten|milk,medium,manual,,piece=90*
Butter naan,बटर नान,butter naan|makhan naan|butter nan,353,9.0,13.0,50.0,2.0,340,1.0,6.5,gi:high|attr:high_fat|meal:dinner|cuisine:north,veg|eggetarian|non_veg|jain,wheat_gluten|milk,medium,manual,,piece=95*
Kulcha,कुलचा,kulcha|kulchaa|amritsari kulcha,305,8.5,7.0,52.0,2.2,300,1.0,3.0,gi:high|meal:dinner|cuisine:north,veg|eggetarian|non_veg|jain,wheat_gluten|milk,medium,manual,,piece=85*
Paratha (plain),सादा पराठा,paratha|parantha|prantha|plain paratha|sada paratha,360,8.5,14.0,50.0,6.5,240,0,6.0,gi:medium|attr:high_fat|meal:breakfast|cuisine:north,veg|eggetarian|non_veg|jain,wheat_gluten|milk,low,manual,,piece=60*
Aloo paratha,आलू पराठा,aloo paratha|alu paratha|potato paratha|aloo parantha,302,6.5,12.0,42.0,4.5,280,0,5.2,gi:high|attr:high_fat|meal:breakfast|cuisine:north,veg|eggetarian|non_veg,wheat_gluten|milk,low,manual,,piece=100*
Gobhi paratha,गोभी पराठा,gobhi paratha|gobi paratha|cauliflower paratha,296,7.0,12.0,40.0,5.0,290,0,5.2,gi:medium|attr:high_fat|meal:breakfast|cuisine:north,veg|eggetarian|non_veg|jain,wheat_gluten|milk,low,manual,,piece=100*
Paneer paratha,पनीर पराठा,paneer paratha|panner paratha|cottage cheese paratha,331,11.0,15.0,38.0,4.0,300,0,7.5,gi:medium|attr:high_protein|attr:high_fat|meal:breakfast|cuisine:north,veg|eggetarian|non_veg|jain,wheat_gluten|milk,medium,manual,,piece=110*
Methi thepla,मेथी थेपला,thepla|methi thepla|methi na thepla|fenugreek flatbread,341,8.0,13.0,48.0,7.0,270,0,3.0,gi:medium|attr:high_fibre|meal:breakfast|cuisine:west,veg|eggetarian|non_veg|vegan|jain,wheat_gluten,low,manual,,piece=40*
Khakhra,खाखरा,khakhra|khakra|kakhra,377,12.0,9.0,62.0,9.0,300,0,2.0,gi:medium|attr:high_fibre|meal:snack|cuisine:west,veg|eggetarian|non_veg|vegan|jain,wheat_gluten,low,manual,,piece=15*
Poori,पूरी,poori|puri|puree|fried bread,420,7.5,22.0,48.0,5.5,210,0,9.5,gi:high|attr:fried|attr:high_fat|meal:breakfast|cuisine:north,veg|eggetarian|non_veg|vegan|jain,wheat_gluten,low,manual,,piece=25*
Bhatura,भटूरा,bhatura|bhature|batura,376,8.0,16.0,50.0,2.5,300,1.0,7.0,gi:high|attr:fried|attr:high_fat|meal:lunch|cuisine:north,veg|eggetarian|non_veg|jain,wheat_gluten|milk,low,manual,,piece=70*
Rice (cooked white),चावल,rice|chawal|chaval|white rice|steamed rice|boiled rice|bhat|saada chawal,126,2.7,0.3,28.0,0.4,1,0,0.1,gi:high|meal:lunch,veg|eggetarian|non_veg|vegan|jain,,low,manual,,katori=150*
Rice (cooked brown),ब्राउन चावल,brown rice|brown chawal|bhura chawal,110,2.6,0.9,23.0,1.8,4,0,0.2,gi:medium|attr:high_fibre|meal:lunch,veg|eggetarian|non_veg|vegan|jain,,low,manual,,katori=150*
Basmati rice (cooked),बासमती चावल,basmati|basmati rice|basmati chawal,116,3.0,0.4,25.0,0.7,2,0,0.1,gi:medium|meal:lunch,veg|eggetarian|non_veg|vegan|jain,,low,manual,,katori=150*
Parboiled rice (cooked),उसना चावल,parboiled rice|usna chawal|sela rice|sella chawal|ukda chawal,119,2.9,0.4,26.0,0.9,3,0,0.1,gi:medium|meal:lunch|cuisine:east,veg|eggetarian|non_veg|vegan|jain,,low,manual,,katori=150*
Poha (cooked),पोहा,poha|pohe|aval|atukulu|flattened rice|beaten rice,156,2.8,4.5,26.0,1.2,290,0,1.0,gi:high|meal:breakfast|cuisine:west,veg|eggetarian|non_veg|vegan,,low,manual,,katori=150*|plate=200
Upma,उपमा,upma|uppma|uppittu|rava upma,156,3.5,6.0,22.0,1.8,300,0,1.5,gi:medium|meal:breakfast|cuisine:south,veg|eggetarian|non_veg|vegan,wheat_gluten,low,manual,,katori=150*|plate=200
Daliya (cooked),दलिया,daliya|dalia|broken wheat|cracked wheat|lapsi|godhuma rava,108,3.5,1.5,20.0,3.0,180,0,0.3,gi:low|attr:high_fibre|meal:breakfast,veg|eggetarian|non_veg|vegan|jain,wheat_gluten,low,manual,,katori=150*
Oats porridge (cooked in water),ओट्स दलिया,oats|oatmeal|oats porridge|jai|oats dalia,71,2.5,1.4,12.0,1.7,50,0,0.3,gi:low|attr:high_fibre|meal:breakfast|cuisine:global,veg|eggetarian|non_veg|vegan|jain,,low,manual,,katori=150*|bowl=200
Oats (raw rolled),ओट्स कच्चा,rolled oats|raw oats|oat flakes|instant oats,364,13.2,7.0,62.0,10.1,6,0,1.2,gi:low|attr:high_fibre|meal:breakfast|cuisine:global,veg|eggetarian|non_veg|vegan|jain,,low,manual,,cup=80*|tbsp=10
Quinoa (cooked),क्विनोआ,quinoa|kinwa|keenwa|kwinoa,119,4.4,1.9,21.0,2.8,7,0,0.2,gi:low|attr:high_fibre|meal:lunch|cuisine:global,veg|eggetarian|non_veg|vegan|jain,,premium,manual,,katori=150*
Muesli (fruit and nut),म्यूसली,muesli|musli|mueslee,376,10.0,8.0,66.0,8.0,120,12.0,1.5,gi:medium|attr:high_fibre|meal:breakfast|cuisine:global,veg|eggetarian|non_veg,wheat_gluten|tree_nut|milk,medium,manual,,cup=60*
Cornflakes (plain),कॉर्नफ्लेक्स,cornflakes|corn flakes|makai flakes,372,7.0,0.9,84.0,3.0,650,8.0,0.2,gi:high|attr:high_sodium|meal:breakfast|cuisine:global,veg|eggetarian|non_veg|vegan|jain,,medium,manual,,cup=30*
White bread,सफेद ब्रेड,bread|white bread|safed bread|pav|slice bread|double roti,262,8.0,3.3,50.0,2.5,490,4.0,0.8,gi:high|attr:high_sodium|meal:breakfast|cuisine:global,veg|eggetarian|non_veg|vegan|jain,wheat_gluten|soy,low,manual,,slice=25*
Brown bread,ब्राउन ब्रेड,brown bread|whole wheat bread|atta bread,260,9.0,3.5,48.0,5.0,470,3.0,0.8,gi:medium|attr:high_fibre|meal:breakfast|cuisine:global,veg|eggetarian|non_veg|vegan|jain,wheat_gluten|soy,low,manual,,slice=25*
Multigrain bread,मल्टीग्रेन ब्रेड,multigrain bread|multi grain bread|seeded bread,260,10.0,4.5,45.0,7.0,450,3.0,1.0,gi:medium|attr:high_fibre|meal:breakfast|cuisine:global,veg|eggetarian|non_veg|vegan|jain,wheat_gluten|soy|sesame,medium,manual,,slice=30*
Pasta (cooked),पास्ता,pasta|macaroni|penne|spaghetti,157,5.8,1.1,31.0,1.8,6,0,0.2,gi:medium|meal:lunch|cuisine:global,veg|eggetarian|non_veg|vegan|jain,wheat_gluten,medium,manual,,katori=150*
Instant noodles (cooked),इंस्टेंट नूडल्स,noodles|maggi|instant noodles|ramen|2 minute noodles|magi,301,6.0,13.0,40.0,2.0,1100,1.0,6.0,gi:high|attr:high_sodium|attr:high_fat|meal:snack|cuisine:global,veg|eggetarian|non_veg|vegan,wheat_gluten,low,manual,,packet=70*
Idli,इडली,idli|idly|iddli|steamed rice cake,122,4.5,0.5,25.0,1.0,180,0,0.1,gi:medium|meal:breakfast|cuisine:south,veg|eggetarian|non_veg|vegan|jain,,low,manual,,piece=40*
Plain dosa,सादा डोसा,dosa|dosai|plain dosa|sada dosa|dose,199,4.0,7.0,30.0,1.5,220,0,1.5,gi:medium|meal:breakfast|cuisine:south,veg|eggetarian|non_veg|vegan|jain,,low,manual,,piece=80*
Masala dosa,मसाला डोसा,masala dosa|masala dosai|masaala dosa,223,4.5,9.0,31.0,2.0,280,0,2.0,gi:high|meal:breakfast|cuisine:south,veg|eggetarian|non_veg|vegan,,low,manual,,piece=150*
Uttapam,उत्तपम,uttapam|uthappam|ootapam|utapam,186,5.0,6.0,28.0,2.0,260,0,1.3,gi:medium|meal:breakfast|cuisine:south,veg|eggetarian|non_veg|vegan,,low,manual,,piece=110*
Appam,अप्पम,appam|aappam|palappam,156,3.5,2.5,30.0,1.0,150,1.0,1.8,gi:medium|meal:breakfast|cuisine:south,veg|eggetarian|non_veg|vegan|jain,,low,manual,,piece=60*
Dhokla,ढोकला,dhokla|dhokhla|khaman|khaman dhokla,172,6.0,4.0,28.0,2.5,320,3.0,0.6,gi:medium|meal:snack|cuisine:west,veg|eggetarian|non_veg|vegan|jain,,low,manual,,piece=40*
Khichdi (moong dal),खिचड़ी,khichdi|khichri|kichdi|khichadi|pongal,126,4.5,3.5,19.0,2.0,240,0,1.5,gi:medium|meal:dinner|cuisine:north,veg|eggetarian|non_veg|jain,,low,manual,,katori=150*|bowl=250
Veg pulao,वेज पुलाव,pulao|pulav|veg pulao|pilaf|vegetable rice|pulaav,159,3.5,5.0,25.0,1.6,290,0,2.0,gi:high|meal:lunch|cuisine:north,veg|eggetarian|non_veg|vegan,,low,manual,,katori=150*
Veg biryani,वेज बिरयानी,veg biryani|vegetable biryani|veg biriyani|sabzi biryani,174,4.0,6.0,26.0,1.8,340,0,2.4,gi:high|meal:lunch|cuisine:north,veg|eggetarian|non_veg,milk,medium,manual,,katori=180*|plate=300
Chicken biryani,चिकन बिरयानी,chicken biryani|chicken biriyani|murgh biryani|chiken biryani,208,9.0,8.0,25.0,1.4,380,0,3.0,gi:high|attr:high_protein|meal:lunch|cuisine:north,non_veg,milk,medium,manual,,katori=180*|plate=300
Veg fried rice,वेज फ्राइड राइस,fried rice|veg fried rice|chinese fried rice,172,3.5,6.0,26.0,1.5,520,0,1.4,gi:high|attr:high_sodium|meal:lunch|cuisine:global,veg|eggetarian|non_veg|vegan,soy,low,manual,,katori=150*
Sabudana khichdi,साबूदाना खिचड़ी,sabudana khichdi|sabudana|sago khichdi|javvarisi|tapioca pearls|sabudaana,200,2.0,8.0,30.0,0.8,220,0,1.5,gi:high|meal:breakfast|cuisine:west,veg|eggetarian|non_veg|jain,peanut,low,manual,,katori=150*
Puffed rice (murmura),मुरमुरा,murmura|murmure|puffed rice|mamra|pori|kurmura|lai,353,7.5,1.2,78.0,2.0,10,0,0.3,gi:high|meal:snack,veg|eggetarian|non_veg|vegan|jain,,low,manual,,cup=15*
Suji / rava (raw),सूजी,suji|sooji|rava|semolina|ravva,347,10.4,1.0,74.0,2.1,4,0,0.2,gi:high|meal:breakfast,veg|eggetarian|non_veg|vegan|jain,wheat_gluten,low,manual,,cup=160*|tbsp=12
Wheat flour (atta),गेहूं का आटा,atta|wheat flour|gehu ka atta|whole wheat flour|gehun atta,340,12.1,1.7,69.0,11.0,3,0,0.3,gi:medium|attr:high_fibre,veg|eggetarian|non_veg|vegan|jain,wheat_gluten,low,manual,,cup=120*|tbsp=9
Maida (refined flour),मैदा,maida|refined flour|all purpose flour|white flour,348,11.0,0.9,74.0,2.7,2,0,0.2,gi:high,veg|eggetarian|non_veg|vegan|jain,wheat_gluten,low,manual,,cup=120*|tbsp=9
Besan (gram flour),बेसन,besan|gram flour|chickpea flour|chana flour|besan atta,370,22.0,5.6,58.0,10.0,64,0,0.6,gi:low|attr:high_protein|attr:high_fibre,veg|eggetarian|non_veg|vegan|jain,,low,manual,,cup=90*|tbsp=7
Sattu (roasted gram),सत्तू,sattu|sattoo|roasted gram flour,365,20.0,5.0,60.0,12.0,40,0,0.6,gi:low|attr:high_protein|attr:high_fibre|meal:breakfast|cuisine:east,veg|eggetarian|non_veg|vegan|jain,,low,manual,,tbsp=12|glass=200*
Dal (arhar cooked),अरहर दाल,arhar dal|toor dal|tur dal|pigeon pea|dal|thuvaram paruppu|kandi pappu|arahar,116,6.8,2.7,16.0,3.2,240,0,0.5,gi:low|attr:high_fibre|meal:lunch,veg|eggetarian|non_veg|vegan|jain,,low,manual,,katori=150*
"Moong dal (dhuli, cooked)",मूंग दाल,moong dal|mung dal|yellow moong dal|dhuli moong|pesara pappu,112,7.0,1.8,17.0,3.0,230,0,0.4,gi:low|attr:high_protein|attr:high_fibre|meal:dinner,veg|eggetarian|non_veg|vegan|jain,,low,manual,,katori=150*
Moong sabut (cooked),साबुत मूंग,sabut moong|whole moong|green gram|hara moong|mung bean,113,7.5,0.8,19.0,7.0,220,0,0.2,gi:low|attr:high_fibre|attr:high_protein|meal:lunch,veg|eggetarian|non_veg|vegan|jain,,low,manual,,katori=150*
Sprouted moong,अंकुरित मूंग,sprouts|moong sprouts|ankurit moong|sprouted mung|green gram sprouts,93,7.6,0.7,14.0,5.0,12,0,0.2,gi:low|attr:high_protein|attr:high_fibre|meal:snack,veg|eggetarian|non_veg|vegan|jain,,low,manual,,katori=100*
Masoor dal (cooked),मसूर दाल,masoor dal|masur dal|red lentil|lal masoor|dal masoor,116,7.5,2.0,17.0,4.0,235,0,0.3,gi:low|attr:high_protein|attr:high_fibre|meal:lunch,veg|eggetarian|non_veg|vegan|jain,,low,manual,,katori=150*
Chana dal (cooked),चना दाल,chana dal|channa dal|bengal gram|split chickpea|senaga pappu,134,8.0,2.5,20.0,6.0,240,0,0.4,gi:low|attr:high_protein|attr:high_fibre|meal:lunch,veg|eggetarian|non_veg|vegan|jain,,low,manual,,katori=150*
Urad dal (cooked),उड़द दाल,urad dal|urd dal|black gram|maa ki dal|minapappu,122,7.5,2.2,18.0,4.2,240,0,0.4,gi:low|attr:high_protein|attr:high_fibre|meal:dinner,veg|eggetarian|non_veg|vegan|jain,,low,manual,,katori=150*
Dal makhani,दाल मखनी,dal makhani|dal makhni|makhani dal|kali dal|daal makhani,167,6.5,9.0,15.0,4.5,320,0,5.0,gi:low|attr:high_fat|meal:dinner|cuisine:north,veg|eggetarian|non_veg|jain,milk,medium,manual,,katori=150*
Rajma (cooked),राजमा,rajma|kidney beans|red kidney beans|raajma,127,8.7,0.5,22.0,6.4,230,0,0.1,gi:low|attr:high_protein|attr:high_fibre|meal:lunch|cuisine:north,veg|eggetarian|non_veg|vegan|jain,,low,manual,,katori=150*
"Chole (kabuli chana, cooked)",छोले,chole|chana|kabuli chana|chickpeas|garbanzo|safed chana|chhole,167,8.9,2.6,27.0,7.6,250,0,0.3,gi:low|attr:high_protein|attr:high_fibre|meal:lunch|cuisine:north,veg|eggetarian|non_veg|vegan|jain,,low,manual,,katori=150*
Kala chana (cooked),काला चना,kala chana|black chana|brown chickpea|desi chana,160,8.5,2.5,26.0,8.0,240,0,0.3,gi:low|attr:high_protein|attr:high_fibre|attr:iron_rich|meal:breakfast,veg|eggetarian|non_veg|vegan|jain,,low,manual,,katori=150*
Lobia (cooked),लोबिया,lobia|black eyed peas|chawli|rongi|alsande|lobhia,116,7.8,0.5,20.0,6.0,230,0,0.1,gi:low|attr:high_protein|attr:high_fibre|meal:lunch,veg|eggetarian|non_veg|vegan|jain,,low,manual,,katori=150*
Moth bean (cooked),मोठ,moth|matki|moth bean|turkish gram|dew bean,115,7.5,0.6,20.0,6.0,225,0,0.1,gi:low|attr:high_protein|attr:high_fibre|meal:lunch|cuisine:west,veg|eggetarian|non_veg|vegan|jain,,low,manual,,katori=150*
Soybean (cooked),सोयाबीन,soybean|soya bean|bhat|soy|soyabean,187,16.6,9.0,9.9,6.0,15,0,1.3,gi:low|attr:high_protein|meal:lunch,veg|eggetarian|non_veg|vegan|jain,soy,low,manual,,katori=150*
Soya chunks (dry),सोया चंक्स,soya chunks|soy chunks|nutrela|meal maker|soya nuggets|nutri nuggets,344,52.0,0.5,33.0,13.0,20,0,0.1,gi:low|attr:high_protein|attr:high_fibre|meal:lunch,veg|eggetarian|non_veg|vegan|jain,soy,low,manual,,cup=50*|katori=40
Tofu,टोफू,tofu|bean curd|soya paneer|tofoo,83,8.1,4.8,1.9,0.9,14,0,0.7,gi:low|attr:high_protein|attr:calcium_rich|meal:dinner|cuisine:global,veg|eggetarian|non_veg|vegan|jain,soy,medium,manual,,katori=100*
Sambar,सांबर,sambar|sambhar|saambar|sambar dal,72,3.5,2.5,9.0,2.4,300,0,0.5,gi:low|attr:high_fibre|meal:breakfast|cuisine:south,veg|eggetarian|non_veg|vegan,,low,manual,,katori=150*
Green peas (cooked),हरी मटर,matar|green peas|hari matar|peas|mutter,85,5.4,0.4,15.0,5.0,5,0,0.1,gi:low|attr:high_fibre|meal:lunch,veg|eggetarian|non_veg|vegan|jain,,low,manual,,katori=100*
Dried peas (cooked),सूखी मटर,dried peas|sukhi matar|safed matar|white peas|ragda,121,8.3,0.4,21.0,8.0,10,0,0.1,gi:low|attr:high_protein|attr:high_fibre|meal:lunch,veg|eggetarian|non_veg|vegan|jain,,low,manual,,katori=150*
Rajma curry,राजमा करी,rajma curry|rajma masala|kidney bean curry|rajma chawal,141,6.0,5.0,18.0,5.5,330,0,1.2,gi:low|attr:high_fibre|meal:lunch|cuisine:north,veg|eggetarian|non_veg|vegan,,low,manual,,katori=150*
Chana masala,चना मसाला,chana masala|chole masala|chhole masala|chickpea curry,170,7.0,6.0,22.0,6.5,340,0,1.4,gi:low|attr:high_fibre|meal:lunch|cuisine:north,veg|eggetarian|non_veg|vegan,,low,manual,,katori=150*
Dal tadka,दाल तड़का,dal tadka|dal fry|tadka dal|dal tarka|daal fry,134,6.2,5.5,15.0,3.0,300,0,2.2,gi:low|attr:high_fibre|meal:dinner|cuisine:north,veg|eggetarian|non_veg,milk,low,manual,,katori=150*
"Milk (full fat, cow)",दूध,milk|doodh|dudh|cow milk|full cream milk|full fat milk|milkk,68,3.2,4.1,4.7,0,44,0,2.4,gi:low|attr:calcium_rich|meal:breakfast,veg|eggetarian|non_veg|jain,milk,low,manual,,glass=200*|cup=240
Milk (toned),टोन्ड दूध,toned milk|toned doodh,59,3.1,3.0,4.8,0,45,0,1.8,gi:low|attr:calcium_rich|meal:breakfast,veg|eggetarian|non_veg|jain,milk,low,manual,,glass=200*
Milk (double toned),डबल टोन्ड दूध,double toned milk|dtm milk,47,3.3,1.5,5.0,0,46,0,0.9,gi:low|attr:calcium_rich|attr:low_fat|meal:breakfast,veg|eggetarian|non_veg|jain,milk,low,manual,,glass=200*
Skimmed milk,स्किम्ड दूध,skimmed milk|skim milk|fat free milk|malai rahit doodh,35,3.4,0.2,5.0,0,47,0,0.1,gi:low|attr:calcium_rich|attr:low_fat|meal:breakfast,veg|eggetarian|non_veg|jain,milk,low,manual,,glass=200*
Buffalo milk,भैंस का दूध,buffalo milk|bhains ka doodh|bhens milk,96,4.3,6.5,5.0,0,42,0,4.0,gi:low|attr:calcium_rich|attr:high_fat|meal:breakfast,veg|eggetarian|non_veg|jain,milk,low,manual,,glass=200*
Curd (full fat),दही,curd|dahi|dahee|yogurt|yoghurt|thayir|perugu|mosaru,62,3.1,4.0,3.4,0,45,0,2.6,gi:low|attr:calcium_rich|attr:probiotic,veg|eggetarian|non_veg|jain,milk,low,manual,,katori=150*|bowl=200
Curd (low fat),कम वसा दही,low fat curd|low fat dahi|toned curd|light yogurt,46,3.5,1.5,4.5,0,48,0,0.9,gi:low|attr:calcium_rich|attr:low_fat|attr:probiotic,veg|eggetarian|non_veg|jain,milk,low,manual,,katori=150*
Greek yogurt (plain),ग्रीक योगर्ट,greek yogurt|greek yoghurt|hung curd|chakka,88,9.0,4.0,4.0,0,36,0,2.6,gi:low|attr:high_protein|attr:calcium_rich|attr:probiotic|cuisine:global,veg|eggetarian|non_veg|jain,milk,premium,manual,,katori=150*
Paneer,पनीर,paneer|panner|panir|cottage cheese|indian cheese|panneer,293,18.3,22.8,3.6,0,22,0,14.0,gi:low|attr:calcium_rich|attr:high_protein|attr:high_fat,veg|eggetarian|non_veg|jain,milk,medium,manual,,katori=100*
Paneer (low fat),कम वसा पनीर,low fat paneer|skim paneer|light paneer,168,20.0,8.0,4.0,0,25,0,5.0,gi:low|attr:high_protein|attr:calcium_rich|attr:low_fat,veg|eggetarian|non_veg|jain,milk,medium,manual,,katori=100*
Khoya (mawa),खोया,khoya|khoa|mawa|mava|dried whole milk,372,14.6,25.9,20.0,0,60,0,16.0,gi:low|attr:high_fat|attr:calcium_rich,veg|eggetarian|non_veg|jain,milk,medium,manual,,tbsp=15|katori=100*
Processed cheese,चीज़,cheese|cheese slice|processed cheese|cheddar|chees,332,22.0,26.0,2.5,0,1200,0,16.0,gi:low|attr:high_fat|attr:high_sodium|attr:calcium_rich|cuisine:global,veg|eggetarian|non_veg|jain,milk,medium,manual,,slice=20*
Butter,मक्खन,butter|makhan|makkhan|white butter|butterr,733,0.5,81.0,0.5,0,750,0,51.0,gi:low|attr:high_fat|attr:high_sodium,veg|eggetarian|non_veg|jain,milk,medium,manual,,tsp=5*|tbsp=14
Ghee,घी,ghee|clarified butter|desi ghee|tup|neyyi|ghii,896,0,99.5,0,0,2,0,62.0,gi:low|attr:high_fat,veg|eggetarian|non_veg|jain,milk,medium,manual,,tsp=5*|tbsp=14
Fresh cream,मलाई क्रीम,cream|fresh cream|whipping cream|malai cream,245,2.1,25.0,3.0,0,38,0,16.0,gi:low|attr:high_fat,veg|eggetarian|non_veg|jain,milk,medium,manual,,tbsp=15*
Buttermilk (chaas),छाछ,chaas|chhach|buttermilk|mattha|majjige|neer mor|chhaas,23,1.5,0.8,2.5,0,180,0,0.5,gi:low|attr:low_fat|attr:hydrating|attr:probiotic,veg|eggetarian|non_veg|jain,milk,low,manual,,glass=200*
Sweet lassi,मीठी लस्सी,sweet lassi|meethi lassi|lassi,90,2.8,2.5,14.0,0,50,10.0,1.6,gi:high|attr:sugary|meal:snack|cuisine:north,veg|eggetarian|non_veg|jain,milk,low,manual,,glass=250*
Salted lassi,नमकीन लस्सी,salted lassi|namkeen lassi|namkeen chaas,52,2.8,2.8,4.0,0,320,0,1.8,gi:low|attr:hydrating|meal:snack|cuisine:north,veg|eggetarian|non_veg|jain,milk,low,manual,,glass=250*
Condensed milk (sweetened),कंडेंस्ड मिल्क,condensed milk|milkmaid|sweetened condensed milk,330,7.9,8.7,55.0,0,120,45.0,5.5,gi:high|attr:sugary,veg|eggetarian|non_veg|jain,milk,medium,manual,,tbsp=20*
Milk powder (whole),मिल्क पाउडर,milk powder|doodh powder|dairy whitener|whole milk powder,499,26.0,27.0,38.0,0,370,0,17.0,gi:medium|attr:calcium_rich|attr:high_protein,veg|eggetarian|non_veg|jain,milk,medium,manual,,tbsp=8*
Shrikhand,श्रीखंड,shrikhand|srikhand|shrikand,225,6.0,9.0,30.0,0,60,22.0,5.5,gi:high|attr:sugary|meal:snack|cuisine:west,veg|eggetarian|non_veg|jain,milk|tree_nut,medium,manual,,katori=100*
Boondi raita,बूंदी रायता,boondi raita|bundi raita,89,3.0,5.0,8.0,0.6,300,0,2.2,gi:medium|meal:lunch|cuisine:north,veg|eggetarian|non_veg|jain,milk,low,manual,,katori=150*
Cucumber raita,खीरे का रायता,cucumber raita|kheera raita|raita|khira raita,52,2.8,2.5,4.5,0.5,280,0,1.6,gi:low|attr:low_fat|meal:lunch|cuisine:north,veg|eggetarian|non_veg|jain,milk,low,manual,,katori=150*
Malai,मलाई,malai|cream layer|clotted cream|milk cream,292,2.5,30.0,3.0,0,35,0,19.0,gi:low|attr:high_fat,veg|eggetarian|non_veg|jain,milk,low,manual,,tbsp=15*
Whey protein powder,व्हे प्रोटीन,whey protein|protein powder|whey|protein supplement|protien powder,398,78.0,6.0,8.0,0,300,2.0,3.0,gi:low|attr:high_protein|meal:snack|cuisine:global,veg|eggetarian|non_veg|jain,milk|soy,premium,manual,,scoop=30*
Potato (boiled),उबला आलू,aloo|alu|potato|boiled potato|ubla aloo|batata|urulai|potatoe,88,1.9,0.1,20.0,1.8,6,0,0.1,gi:high|meal:lunch,veg|eggetarian|non_veg|vegan,,low,manual,,piece=100*|katori=150
Aloo sabzi,आलू की सब्ज़ी,aloo sabzi|potato curry|aloo ki sabzi|alu sabji,122,2.0,6.0,15.0,2.0,320,0,2.4,gi:high|meal:lunch|cuisine:north,veg|eggetarian|non_veg|vegan,,low,manual,,katori=150*
French fries,फ्रेंच फ्राइज़,french fries|fries|finger chips|potato fries,293,3.4,15.0,36.0,3.4,320,0,2.5,gi:high|attr:fried|attr:high_fat|meal:snack|cuisine:global,veg|eggetarian|non_veg|vegan,,medium,manual,,serving=100*
Onion (raw),प्याज़,onion|pyaz|pyaaz|kanda|ulli|raw onion|piyaz,50,1.2,0.1,11.0,1.7,4,0,0.02,gi:low,veg|eggetarian|non_veg|vegan,,low,manual,,piece=60*
Tomato (raw),टमाटर,tomato|tamatar|tamaatar|thakkali|tomoto,21,0.9,0.2,3.9,1.2,5,0,0.03,gi:low|attr:vitamin_c|attr:hydrating,veg|eggetarian|non_veg|vegan|jain,,low,manual,,piece=80*
Brinjal (cooked),बैंगन,brinjal|baingan|began|eggplant|aubergine|vangi|katrikai|baigan,65,1.4,3.5,7.0,3.0,260,0,1.4,gi:low|attr:high_fibre|meal:dinner,veg|eggetarian|non_veg|vegan|jain,,low,manual,,katori=150*
Lauki (cooked),लौकी,lauki|bottle gourd|dudhi|ghiya|sorakaya|calabash|loki,39,0.7,2.5,3.5,1.0,250,0,1.0,gi:low|attr:low_fat|attr:hydrating|meal:dinner,veg|eggetarian|non_veg|vegan|jain,,low,manual,,katori=150*
Tinda (cooked),टिंडा,tinda|apple gourd|round gourd|indian squash,42,1.0,2.5,4.0,1.2,250,0,1.0,gi:low|attr:hydrating|meal:dinner,veg|eggetarian|non_veg|vegan|jain,,low,manual,,katori=150*
Parwal (cooked),परवल,parwal|parval|pointed gourd|potol|palwal,51,1.5,3.0,4.5,2.0,255,0,1.2,gi:low|meal:dinner|cuisine:east,veg|eggetarian|non_veg|vegan|jain,,low,manual,,katori=150*
Karela (cooked),करेला,karela|bitter gourd|bitter melon|kaarela|pavakkai|hagalkai,70,1.6,3.5,8.0,2.8,260,0,1.4,gi:low|attr:high_fibre|meal:lunch,veg|eggetarian|non_veg|vegan|jain,,low,manual,,katori=150*
Bhindi (cooked),भिंडी,bhindi|okra|lady finger|ladies finger|bhendi|vendakkai|bendakaya,72,2.0,3.5,8.0,3.5,260,0,1.4,gi:low|attr:high_fibre|meal:lunch,veg|eggetarian|non_veg|vegan|jain,,low,manual,,katori=150*
Cauliflower (cooked),फूलगोभी,gobhi|gobi|cauliflower|phool gobhi|fulgobi|ful gobhi,55,2.0,3.0,5.0,2.5,255,0,1.2,gi:low|attr:high_fibre|meal:dinner,veg|eggetarian|non_veg|vegan|jain,,low,manual,,katori=150*
Cabbage (cooked),पत्ता गोभी,cabbage|patta gobhi|band gobhi|pattagobi|kobi,50,1.4,2.5,5.5,2.2,250,0,1.0,gi:low|attr:high_fibre|meal:dinner,veg|eggetarian|non_veg|vegan|jain,,low,manual,,katori=150*
Capsicum (cooked),शिमला मिर्च,capsicum|shimla mirch|bell pepper|green pepper|simla mirch,50,1.0,2.5,6.0,1.7,240,0,1.0,gi:low|attr:vitamin_c|meal:dinner,veg|eggetarian|non_veg|vegan|jain,,low,manual,,katori=150*
Carrot (raw),गाजर,carrot|gajar|gaajar|carot,44,0.9,0.2,9.6,2.8,69,0,0.03,gi:low|attr:high_fibre|meal:snack,veg|eggetarian|non_veg|vegan,,low,manual,,piece=60*|katori=100
Beetroot (boiled),चुकंदर,beetroot|chukandar|beet|chukander,48,1.6,0.2,10.0,2.8,78,0,0.03,gi:medium|attr:high_fibre,veg|eggetarian|non_veg|vegan,,low,manual,,katori=100*
"Radish (mooli, raw)",मूली,mooli|radish|muli|daikon|white radish,17,0.7,0.1,3.4,1.6,39,0,0.02,gi:low|attr:hydrating,veg|eggetarian|non_veg|vegan,,low,manual,,katori=100*
Cucumber,खीरा,cucumber|kheera|khira|kakdi|cucumbar,18,0.6,0.1,3.6,0.5,2,0,0.01,gi:low|attr:hydrating|attr:low_fat|meal:snack,veg|eggetarian|non_veg|vegan|jain,,low,manual,,piece=120*|katori=100
"Spinach (palak, cooked)",पालक,palak|spinach|paalak|palakura|keerai|spinch,49,2.9,2.5,3.8,2.2,270,0,1.0,gi:low|attr:iron_rich|attr:high_fibre|meal:dinner,veg|eggetarian|non_veg|vegan|jain,,low,manual,,katori=150*
Methi leaves (cooked),मेथी,methi|fenugreek leaves|methi saag|menthya|methi bhaji,64,4.4,2.5,6.0,3.0,280,0,1.0,gi:low|attr:iron_rich|attr:high_fibre|meal:dinner,veg|eggetarian|non_veg|vegan|jain,,low,manual,,katori=150*
Sarson ka saag,सरसों का साग,sarson ka saag|sarson saag|mustard greens|saag,97,3.5,7.0,5.0,3.5,300,0,3.0,gi:low|attr:iron_rich|attr:high_fibre|meal:lunch|cuisine:north,veg|eggetarian|non_veg|jain,milk,low,manual,,katori=150*
Bathua (cooked),बथुआ,bathua|bathua saag|lambs quarters|chenopodium,57,3.7,2.5,5.0,2.8,275,0,1.0,gi:low|attr:iron_rich|attr:high_fibre|meal:dinner|cuisine:north,veg|eggetarian|non_veg|vegan|jain,,low,manual,,katori=150*
Amaranth leaves (cooked),चौलाई,chaulai|amaranth leaves|lal saag|thotakura|harive,55,3.2,2.5,5.0,2.6,270,0,1.0,gi:low|attr:iron_rich|attr:calcium_rich|meal:dinner,veg|eggetarian|non_veg|vegan|jain,,low,manual,,katori=150*
Drumstick (cooked),सहजन,drumstick|sahjan|moringa|munaga|murungakkai|saijan,44,2.1,0.2,8.5,3.2,42,0,0.05,gi:low|attr:high_fibre|meal:lunch|cuisine:south,veg|eggetarian|non_veg|vegan|jain,,low,manual,,piece=40*
"Pumpkin (kaddu, cooked)",कद्दू,kaddu|pumpkin|kaddoo|gummadikaya|kashiphal,52,1.0,2.5,6.5,1.5,250,0,1.0,gi:medium|meal:lunch,veg|eggetarian|non_veg|vegan|jain,,low,manual,,katori=150*
Ash gourd (petha),पेठा,petha|ash gourd|winter melon|safed petha|kumbalanga,16,0.6,0.2,3.0,1.5,10,0,0.03,gi:low|attr:hydrating|attr:low_fat,veg|eggetarian|non_veg|vegan|jain,,low,manual,,katori=150*
Cluster beans (gawar),ग्वार फली,gawar|guar|cluster beans|gavar|goru chikkudu|gwar,71,3.2,2.5,9.0,3.5,265,0,1.0,gi:low|attr:high_fibre|meal:lunch|cuisine:west,veg|eggetarian|non_veg|vegan|jain,,low,manual,,katori=150*
French beans (cooked),फ्रेंच बीन्स,french beans|beans|fansi|farasbi|green beans,58,1.8,2.5,7.0,3.0,255,0,1.0,gi:low|attr:high_fibre|meal:dinner,veg|eggetarian|non_veg|vegan|jain,,low,manual,,katori=150*
Sweet potato (boiled),शकरकंद,shakarkandi|sweet potato|shakarkand|ratalu|genasu,87,1.6,0.1,20.0,3.0,55,0,0.03,gi:medium|attr:high_fibre,veg|eggetarian|non_veg|vegan,,low,manual,,piece=130*
"Arbi (colocasia, cooked)",अरबी,arbi|arvi|colocasia|taro|ghuiya|chembu,137,1.5,3.0,26.0,4.0,250,0,1.2,gi:medium|attr:high_fibre|meal:lunch,veg|eggetarian|non_veg|vegan,,low,manual,,katori=150*
"Yam (jimikand, cooked)",जिमीकंद,jimikand|suran|yam|elephant foot yam|zimikand|ol,124,1.5,2.5,24.0,4.1,250,0,1.0,gi:medium|attr:high_fibre|meal:lunch,veg|eggetarian|non_veg|vegan,,low,manual,,katori=150*
Mushroom (cooked),मशरूम,mushroom|khumbi|kukurmutta|mashroom|mushrom,51,3.1,2.5,4.0,1.5,250,0,1.0,gi:low|attr:low_fat|meal:dinner|cuisine:global,veg|eggetarian|non_veg|vegan,,medium,manual,,katori=150*
Broccoli (cooked),ब्रोकली,broccoli|brocoli|hari gobhi|brocolli,60,2.8,2.5,6.5,2.6,250,0,1.0,gi:low|attr:high_fibre|attr:vitamin_c|meal:dinner|cuisine:global,veg|eggetarian|non_veg|vegan|jain,,medium,manual,,katori=150*
Zucchini (cooked),ज़ुकीनी,zucchini|courgette|jucchini,41,1.2,2.5,3.5,1.1,245,0,1.0,gi:low|attr:low_fat|meal:dinner|cuisine:global,veg|eggetarian|non_veg|vegan|jain,,medium,manual,,katori=150*
Sweet corn (boiled),भुट्टा,sweet corn|bhutta|makai|corn|challi|mokkajonna|bhuta,103,3.4,1.5,19.0,2.4,15,0,0.2,gi:medium|attr:high_fibre|meal:snack,veg|eggetarian|non_veg|vegan|jain,,low,manual,,piece=100*|katori=120
"Turnip (shalgam, cooked)",शलजम,shalgam|turnip|shaljam,52,0.9,2.5,6.4,1.8,250,0,1.0,gi:low|attr:high_fibre|meal:dinner,veg|eggetarian|non_veg|vegan,,low,manual,,katori=150*
Ivy gourd (kundru),कुंदरू,kundru|ivy gourd|tindora|tendli|dondakaya|kovakkai,43,1.2,2.5,4.0,1.6,250,0,1.0,gi:low|meal:dinner,veg|eggetarian|non_veg|vegan|jain,,low,manual,,katori=150*
Raw jackfruit (cooked),कच्चा कटहल,kathal|raw jackfruit|kacha kathal|echor|jackfruit,122,1.7,3.0,22.0,3.5,260,0,1.3,gi:medium|attr:high_fibre|meal:lunch|cuisine:east,veg|eggetarian|non_veg|vegan|jain,,low,manual,,katori=150*
Spring onion,हरा प्याज़,spring onion|hara pyaz|green onion|scallion,38,1.8,0.2,7.3,2.6,16,0,0.03,gi:low|attr:high_fibre,veg|eggetarian|non_veg|vegan,,low,manual,,katori=100*
Mixed veg sabzi,मिक्स वेज,mixed veg|mix veg|mixed vegetable|sabzi|vegetable curry|sabji,91,2.5,5.0,9.0,3.0,310,0,2.0,gi:low|attr:high_fibre|meal:lunch|cuisine:north,veg|eggetarian|non_veg|vegan,,low,manual,,katori=150*
Baingan bharta,बैंगन भर्ता,baingan bharta|bharta|eggplant bharta|baigan bharta,102,1.8,7.0,8.0,3.2,320,0,2.8,gi:low|attr:high_fibre|meal:dinner|cuisine:north,veg|eggetarian|non_veg|vegan,,low,manual,,katori=150*
Aloo gobhi,आलू गोभी,aloo gobhi|aloo gobi|potato cauliflower|alu gobi,107,2.2,6.0,11.0,2.8,320,0,2.4,gi:medium|meal:lunch|cuisine:north,veg|eggetarian|non_veg|vegan,,low,manual,,katori=150*
Bhindi masala,भिंडी मसाला,bhindi masala|okra masala|bhindi ki sabzi|bhindi fry,108,2.2,7.0,9.0,3.4,320,0,2.8,gi:low|attr:high_fibre|meal:lunch|cuisine:north,veg|eggetarian|non_veg|vegan,,low,manual,,katori=150*
Palak paneer,पालक पनीर,palak paneer|saag paneer|spinach paneer|palak panner,164,8.0,12.0,6.0,2.4,360,0,6.5,gi:low|attr:high_protein|attr:iron_rich|meal:dinner|cuisine:north,veg|eggetarian|non_veg|jain,milk|tree_nut,medium,manual,,katori=150*
Matar paneer,मटर पनीर,matar paneer|mutter paneer|peas paneer|matar panner,178,8.5,12.0,9.0,2.6,370,0,6.5,gi:low|attr:high_protein|meal:dinner|cuisine:north,veg|eggetarian|non_veg,milk|tree_nut,medium,manual,,katori=150*
Kadhi,कढ़ी,kadhi|kadi|karhi|kadhi pakora|besan kadhi,115,4.0,7.0,9.0,1.2,340,0,3.0,gi:low|meal:lunch|cuisine:north,veg|eggetarian|non_veg|jain,milk,low,manual,,katori=150*
Veg kofta curry,वेज कोफ्ता,kofta|malai kofta|veg kofta|koftha,202,5.0,14.0,14.0,2.5,360,0,6.0,gi:medium|attr:high_fat|attr:fried|meal:dinner|cuisine:north,veg|eggetarian|non_veg,milk|tree_nut,medium,manual,,katori=150*
Apple,सेब,apple|seb|safarchand|appel,59,0.3,0.2,14.0,2.4,1,0,0.03,gi:low|attr:high_fibre|meal:snack,veg|eggetarian|non_veg|vegan|jain,,low,manual,,piece=180*
Banana,केला,banana|kela|arati|vazhaipazham|banan,99,1.1,0.3,23.0,2.6,1,0,0.1,gi:medium|meal:snack,veg|eggetarian|non_veg|vegan|jain,,low,manual,,piece=120*
Mango,आम,mango|aam|mamidi|manga,67,0.8,0.4,15.0,1.6,1,0,0.1,gi:medium|meal:snack,veg|eggetarian|non_veg|vegan|jain,,low,manual,,piece=200*
Papaya,पपीता,papaya|papita|papeeta|boppayi|papya,49,0.5,0.3,11.0,1.7,8,0,0.1,gi:medium|attr:high_fibre|attr:hydrating|meal:snack,veg|eggetarian|non_veg|vegan|jain,,low,manual,,katori=150*
Guava,अमरूद,guava|amrud|amrood|peru|jaam|koyya,74,2.6,0.9,14.0,5.4,2,0,0.3,gi:low|attr:high_fibre|attr:vitamin_c|meal:snack,veg|eggetarian|non_veg|vegan|jain,,low,manual,,piece=100*
Orange,संतरा,orange|santra|santara|narangi|kamala,52,0.9,0.1,12.0,2.4,0,0,0.02,gi:low|attr:vitamin_c|meal:snack,veg|eggetarian|non_veg|vegan|jain,,low,manual,,piece=130*
Sweet lime (mosambi),मौसंबी,mosambi|musambi|sweet lime|mausambi|batavi nimbu,42,0.8,0.2,9.3,2.0,1,0,0.03,gi:low|attr:vitamin_c|attr:hydrating|meal:snack,veg|eggetarian|non_veg|vegan|jain,,low,manual,,piece=150*
Grapes,अंगूर,grapes|angoor|angur|draksha|grape,77,0.7,0.2,18.0,0.9,2,0,0.05,gi:medium|meal:snack,veg|eggetarian|non_veg|vegan|jain,,low,manual,,katori=100*
Pomegranate,अनार,pomegranate|anar|anaar|dalimb|danimma,94,1.7,1.2,19.0,4.0,3,0,0.1,gi:low|attr:high_fibre|meal:snack,veg|eggetarian|non_veg|vegan|jain,,medium,manual,,katori=100*
Watermelon,तरबूज,watermelon|tarbooz|tarbuj|kalingad|puchakaya|tarbuz,35,0.6,0.2,7.6,0.4,1,0,0.02,gi:medium|attr:hydrating|meal:snack,veg|eggetarian|non_veg|vegan|jain,,low,manual,,katori=150*
Muskmelon,खरबूजा,muskmelon|kharbooja|kharbuja|cantaloupe|melon,38,0.8,0.2,8.2,0.9,16,0,0.05,gi:medium|attr:hydrating|meal:snack,veg|eggetarian|non_veg|vegan|jain,,low,manual,,katori=150*
Pear,नाशपाती,pear|nashpati|naspati|babbugosha,62,0.4,0.1,15.0,3.1,1,0,0.02,gi:low|attr:high_fibre|meal:snack,veg|eggetarian|non_veg|vegan|jain,,low,manual,,piece=170*
Pineapple,अनानास,pineapple|ananas|anannas|pine apple,55,0.5,0.1,13.0,1.4,1,0,0.02,gi:medium|meal:snack,veg|eggetarian|non_veg|vegan|jain,,low,manual,,katori=150*
Chikoo (sapota),चीकू,chikoo|chiku|sapota|sapodilla|chikku,92,0.4,1.1,20.0,5.3,12,0,0.2,gi:medium|attr:high_fibre|meal:snack,veg|eggetarian|non_veg|vegan|jain,,low,manual,,piece=90*
Custard apple,सीताफल,custard apple|sitaphal|sharifa|seetaphal|sita phal,110,2.1,0.6,24.0,2.4,4,0,0.1,gi:medium|meal:snack,veg|eggetarian|non_veg|vegan|jain,,medium,manual,,piece=150*
Litchi,लीची,litchi|lychee|lichi|leechi,75,0.8,0.4,17.0,1.3,1,0,0.1,gi:medium|attr:vitamin_c|meal:snack,veg|eggetarian|non_veg|vegan|jain,,medium,manual,,piece=15*|katori=100
Jamun,जामुन,jamun|java plum|black plum|jambul|neredu,65,0.7,0.2,15.0,0.6,14,0,0.05,gi:low|meal:snack,veg|eggetarian|non_veg|vegan|jain,,low,manual,,katori=100*
Ber (Indian jujube),बेर,ber|indian jujube|bor|regi pandu,87,1.2,0.2,20.0,1.4,3,0,0.04,gi:medium|meal:snack,veg|eggetarian|non_veg|vegan|jain,,low,manual,,katori=100*
Strawberry,स्ट्रॉबेरी,strawberry|strawbery|stroberry,36,0.7,0.3,7.7,2.0,1,0,0.02,gi:low|attr:vitamin_c|meal:snack|cuisine:global,veg|eggetarian|non_veg|vegan|jain,,premium,manual,,katori=100*
Kiwi,कीवी,kiwi|kiwi fruit|keewi,69,1.1,0.5,15.0,3.0,3,0,0.03,gi:low|attr:high_fibre|attr:vitamin_c|meal:snack|cuisine:global,veg|eggetarian|non_veg|vegan|jain,,premium,manual,,piece=75*
Dates (dry),खजूर,dates|khajur|khajoor|chhuara|dry dates|kharek,314,2.5,0.4,75.0,8.0,2,0,0.03,gi:high|attr:high_fibre|attr:iron_rich|meal:snack,veg|eggetarian|non_veg|vegan|jain,,medium,manual,,piece=8*|katori=60
Raisins,किशमिश,raisins|kishmish|kismis|sultana|dry grapes,333,3.1,0.5,79.0,3.7,11,0,0.06,gi:high|attr:iron_rich|meal:snack,veg|eggetarian|non_veg|vegan|jain,,medium,manual,,tbsp=10*
Dry figs (anjeer),अंजीर,anjeer|figs|dry figs|anjir|fig,277,3.3,0.9,64.0,9.8,10,0,0.1,gi:medium|attr:high_fibre|attr:calcium_rich|meal:snack,veg|eggetarian|non_veg|vegan|jain,,premium,manual,,piece=8*
Amla,आंवला,amla|indian gooseberry|awla|nellikai|usiri,55,0.5,0.1,13.0,3.4,1,0,0.01,gi:low|attr:vitamin_c|meal:snack,veg|eggetarian|non_veg|vegan|jain,,low,manual,,piece=40*
Fresh coconut,नारियल,coconut|nariyal|fresh coconut|thengai|kobbari|nariyal gola,370,3.3,33.0,15.0,9.0,20,0,29.0,gi:low|attr:high_fat|attr:high_fibre,veg|eggetarian|non_veg|vegan|jain,tree_nut,low,manual,,katori=80*
Dry coconut (copra),सूखा नारियल,dry coconut|copra|sukha nariyal|khopra,686,6.9,62.0,25.0,16.0,37,0,54.0,gi:low|attr:high_fat|attr:high_fibre,veg|eggetarian|non_veg|vegan|jain,tree_nut,medium,manual,,tbsp=10*
Avocado,एवोकाडो,avocado|butter fruit|avacado|makhanphal,177,2.0,15.0,8.5,6.7,7,0,2.1,gi:low|attr:high_fat|attr:high_fibre|cuisine:global,veg|eggetarian|non_veg|vegan|jain,,premium,manual,,piece=150*
Plum,आलूबुखारा,plum|aloo bukhara|alubukhara,50,0.7,0.3,11.0,1.4,0,0,0.02,gi:low|meal:snack,veg|eggetarian|non_veg|vegan|jain,,medium,manual,,piece=65*
Peach,आड़ू,peach|aadu|aaru|adoo,46,0.9,0.3,10.0,1.5,0,0,0.02,gi:low|meal:snack,veg|eggetarian|non_veg|vegan|jain,,medium,manual,,piece=150*
Dry apricot,सूखी खुबानी,apricot|khubani|dry apricot|khumani|jardalu,270,3.4,0.5,63.0,7.3,10,0,0.03,gi:medium|attr:high_fibre|attr:iron_rich|meal:snack,veg|eggetarian|non_veg|vegan|jain,,premium,manual,,piece=8*
Cherries,चेरी,cherries|cherry|gilas,71,1.1,0.3,16.0,2.1,0,0,0.05,gi:low|meal:snack,veg|eggetarian|non_veg|vegan|jain,,premium,manual,,katori=100*
Raw banana (plantain),कच्चा केला,raw banana|kacha kela|plantain|vazhakkai|aratikaya,132,1.3,0.3,31.0,2.3,4,0,0.1,gi:medium|attr:high_fibre|meal:lunch|cuisine:south,veg|eggetarian|non_veg|vegan|jain,,low,manual,,piece=120*
"Egg (whole, boiled)",उबला अंडा,egg|anda|boiled egg|ande|ubla anda|whole egg|muttai|kodi guddu,177,13.3,13.3,1.1,0,140,0,4.1,gi:low|attr:high_protein|meal:breakfast,eggetarian|non_veg,egg,low,manual,,piece=50*
Egg white (boiled),अंडे का सफेद भाग,egg white|anda safedi|ande ka safed|albumen,49,11.0,0.2,0.7,0,166,0,0.1,gi:low|attr:high_protein|attr:low_fat|meal:breakfast,eggetarian|non_veg,egg,low,manual,,piece=33*
Egg yolk,अंडे की जर्दी,egg yolk|yolk|ande ki jardi|anda jardi,321,16.0,27.0,3.6,0,48,0,9.6,gi:low|attr:high_fat|attr:iron_rich,eggetarian|non_veg,egg,low,manual,,piece=17*
Omelette (plain),ऑमलेट,omelette|omlet|omelet|anda omelette|amlet,202,13.0,16.0,1.5,0,320,0,5.0,gi:low|attr:high_protein|meal:breakfast,eggetarian|non_veg,egg|milk,low,manual,,piece=110*
Egg bhurji,अंडा भुर्जी,egg bhurji|anda bhurji|scrambled egg|bhurji,173,11.0,13.0,3.0,0.6,340,0,4.2,gi:low|attr:high_protein|meal:breakfast|cuisine:north,eggetarian|non_veg,egg,low,manual,,katori=120*
Egg curry,अंडा करी,egg curry|anda curry|ande ki sabzi|muttai kuzhambu,173,9.0,13.0,5.0,1.0,360,0,4.5,gi:low|attr:high_protein|meal:dinner|cuisine:north,eggetarian|non_veg,egg,low,manual,,katori=150*
"Chicken breast (cooked, skinless)",चिकन ब्रेस्ट,chicken breast|chicken|murgh|grilled chicken|boneless chicken|chiken,156,31.0,3.6,0,0,74,0,1.0,gi:low|attr:high_protein|attr:low_fat|meal:lunch,non_veg,,medium,manual,,serving=100*
Chicken thigh (cooked),चिकन जांघ,chicken thigh|chicken leg|murgh leg|chicken drumstick,203,26.0,11.0,0,0,88,0,3.1,gi:low|attr:high_protein|meal:lunch,non_veg,,medium,manual,,piece=90*
Chicken curry,चिकन करी,chicken curry|murgh curry|chicken masala|chicken salan|kozhi curry,180,14.0,12.0,4.0,0.8,380,0,4.0,gi:low|attr:high_protein|meal:lunch|cuisine:north,non_veg,,medium,manual,,katori=150*
Tandoori chicken,तंदूरी चिकन,tandoori chicken|tandoori murgh|tanduri chicken,206,27.0,10.0,2.0,0.3,340,0,3.5,gi:low|attr:high_protein|meal:dinner|cuisine:north,non_veg,milk,medium,manual,,piece=120*
Chicken tikka,चिकन टिक्का,chicken tikka|murgh tikka|tikka,197,26.0,9.0,3.0,0.3,360,0,3.2,gi:low|attr:high_protein|meal:snack|cuisine:north,non_veg,milk,medium,manual,,piece=30*
Chicken keema,चिकन कीमा,chicken keema|chicken kheema|minced chicken|chicken mince,210,18.0,14.0,3.0,0.7,360,0,4.5,gi:low|attr:high_protein|meal:lunch|cuisine:north,non_veg,,medium,manual,,katori=120*
Chicken soup,चिकन सूप,chicken soup|murgh shorba|chicken shorba|chicken broth,42,4.0,1.5,3.0,0.3,420,0,0.5,gi:low|attr:low_fat|attr:high_sodium|meal:dinner,non_veg,,low,manual,,bowl=200*
Chicken sausage,चिकन सॉसेज,chicken sausage|sausage|chicken sausages,234,14.0,18.0,4.0,0,900,1.0,6.0,gi:low|attr:high_fat|attr:high_sodium|meal:breakfast|cuisine:global,non_veg,soy,medium,manual,,piece=40*
Mutton curry,मटन करी,mutton curry|mutton|goat curry|gosht|mutton masala|lamb curry|bakra,230,14.0,18.0,3.0,0.6,380,0,7.0,gi:low|attr:high_protein|attr:high_fat|meal:lunch|cuisine:north,non_veg,,premium,manual,,katori=150*
Mutton keema,मटन कीमा,mutton keema|keema|kheema|minced mutton|goat mince,224,18.0,16.0,2.0,0.4,370,0,6.5,gi:low|attr:high_protein|attr:high_fat|meal:lunch|cuisine:north,non_veg,,premium,manual,,katori=120*
Mutton biryani,मटन बिरयानी,mutton biryani|gosht biryani|mutton biriyani|lamb biryani,231,9.0,11.0,24.0,1.2,400,0,4.5,gi:high|attr:high_protein|meal:lunch|cuisine:north,non_veg,milk,premium,manual,,plate=300*
Goat liver (cooked),कलेजी,liver|kaleji|kalezi|goat liver|mutton liver,120,20.0,3.5,2.0,0,80,0,1.2,gi:low|attr:high_protein|attr:iron_rich|meal:lunch,non_veg,,medium,manual,,serving=100*
Rohu fish (cooked),रोहू मछली,rohu|rui|rohu fish|carp|rui mach|fish,116,19.0,4.5,0,0,70,0,1.2,gi:low|attr:high_protein|meal:lunch|cuisine:east,non_veg,fish,medium,manual,,piece=100*
Pomfret (cooked),पॉम्फ्रेट,pomfret|paplet|pamplet|white pomfret|saranga,116,20.0,4.0,0,0,90,0,1.3,gi:low|attr:high_protein|meal:lunch|cuisine:west,non_veg,fish,premium,manual,,piece=100*
Surmai / kingfish (cooked),सुरमई,surmai|kingfish|seer fish|vanjaram|anjal,111,21.0,3.0,0,0,85,0,0.9,gi:low|attr:high_protein|attr:omega3|meal:lunch|cuisine:west,non_veg,fish,premium,manual,,piece=100*
Hilsa (cooked),हिल्सा,hilsa|ilish|hilsa fish|palla fish,243,18.0,19.0,0,0,80,0,5.0,gi:low|attr:high_protein|attr:omega3|attr:high_fat|meal:lunch|cuisine:east,non_veg,fish,premium,manual,,piece=100*
Sardine (cooked),सार्डिन,sardine|sardines|mathi|tarli|pedvey,179,20.0,11.0,0,0,110,0,3.0,gi:low|attr:high_protein|attr:omega3|attr:calcium_rich|meal:lunch,non_veg,fish,medium,manual,,piece=80*
Tuna (canned in water),टूना,tuna|canned tuna|tuna fish,113,26.0,1.0,0,0,320,0,0.3,gi:low|attr:high_protein|attr:low_fat|meal:lunch|cuisine:global,non_veg,fish,premium,manual,,can=100*
Prawns (cooked),झींगा,prawns|jhinga|shrimp|chingri|prawn|royyalu,110,24.0,1.5,0,0,290,0,0.4,gi:low|attr:high_protein|attr:low_fat|meal:lunch,non_veg,shellfish,premium,manual,,serving=100*
Crab (cooked),केकड़ा,crab|kekda|kekra|nandu,86,18.0,1.5,0,0,320,0,0.3,gi:low|attr:high_protein|attr:low_fat|meal:lunch,non_veg,shellfish,premium,manual,,serving=100*
Fish curry,मछली करी,fish curry|machli curry|macher jhol|meen curry|fish masala|machhli,140,13.0,8.0,4.0,0.8,380,0,2.5,gi:low|attr:high_protein|meal:lunch|cuisine:south,non_veg,fish,medium,manual,,katori=150*
Fish fry,फिश फ्राई,fish fry|fried fish|machli fry|meen varuval,230,20.0,14.0,6.0,0.4,400,0,3.5,gi:low|attr:high_protein|attr:fried|meal:lunch|cuisine:east,non_veg,fish|wheat_gluten,medium,manual,,piece=90*
Chicken momos,चिकन मोमोज़,chicken momos|chicken momo|chicken dumpling|momos chicken,202,9.0,6.0,28.0,1.4,420,0,2.0,gi:high|attr:high_sodium|meal:snack|cuisine:east,non_veg,wheat_gluten|soy,low,manual,,piece=30*
Almond,बादाम,almond|badam|badaam|almonds,622,21.0,50.0,22.0,12.5,1,0,3.8,gi:low|attr:high_fat|attr:high_protein|attr:high_fibre|meal:snack,veg|eggetarian|non_veg|vegan|jain,tree_nut,premium,manual,,piece=1.2|katori=30*
Cashew,काजू,cashew|kaju|cashewnut|cashew nut|kaaju,588,18.0,44.0,30.0,3.3,12,0,7.8,gi:low|attr:high_fat|attr:high_protein|meal:snack,veg|eggetarian|non_veg|vegan|jain,tree_nut,premium,manual,,katori=30*
Walnut,अखरोट,walnut|akhrot|akhroat|walnuts,701,15.0,65.0,14.0,6.7,2,0,6.1,gi:low|attr:high_fat|attr:omega3|meal:snack,veg|eggetarian|non_veg|vegan|jain,tree_nut,premium,manual,,piece=5|katori=30*
Pistachio,पिस्ता,pistachio|pista|pistachios|pistta,597,20.0,45.0,28.0,10.3,12,0,5.9,gi:low|attr:high_fat|attr:high_protein|attr:high_fibre|meal:snack,veg|eggetarian|non_veg|vegan|jain,tree_nut,premium,manual,,katori=30*
Peanut (roasted),मूंगफली,peanut|moongphali|mungfali|groundnut|singdana|shengdana|mungphali,605,25.0,49.0,16.0,8.5,18,0,6.8,gi:low|attr:high_fat|attr:high_protein|meal:snack,veg|eggetarian|non_veg|vegan|jain,peanut,low,manual,,katori=30*
Peanut butter,पीनट बटर,peanut butter|moongphali butter|penut butter,630,25.0,50.0,20.0,6.0,420,4.0,10.0,gi:low|attr:high_fat|attr:high_protein|meal:breakfast|cuisine:global,veg|eggetarian|non_veg|vegan|jain,peanut,medium,manual,,tbsp=16*
Sunflower seeds,सूरजमुखी बीज,sunflower seeds|surajmukhi beej|sunflower seed,623,21.0,51.0,20.0,8.6,9,0,4.5,gi:low|attr:high_fat|attr:high_protein|meal:snack,veg|eggetarian|non_veg|vegan|jain,,medium,manual,,tbsp=10*
Pumpkin seeds,कद्दू के बीज,pumpkin seeds|kaddu ke beej|pepitas|magaz,605,30.0,49.0,11.0,6.0,7,0,8.7,gi:low|attr:high_protein|attr:high_fat|attr:iron_rich|meal:snack,veg|eggetarian|non_veg|vegan|jain,,medium,manual,,tbsp=10*
Flax seeds,अलसी,flax seeds|alsi|flaxseed|linseed|javas,566,18.0,42.0,29.0,27.0,30,0,3.7,gi:low|attr:omega3|attr:high_fibre|attr:high_fat,veg|eggetarian|non_veg|vegan|jain,,low,manual,,tbsp=10*
Chia seeds,चिया बीज,chia seeds|chia|chiya seeds,515,17.0,31.0,42.0,34.0,16,0,3.3,gi:low|attr:omega3|attr:high_fibre|attr:calcium_rich|cuisine:global,veg|eggetarian|non_veg|vegan|jain,,premium,manual,,tbsp=12*
Sesame seeds (til),तिल,til|sesame|sesame seeds|gingelly|ellu|tilli,614,18.0,50.0,23.0,11.8,11,0,7.0,gi:low|attr:calcium_rich|attr:high_fat|attr:iron_rich,veg|eggetarian|non_veg|vegan|jain,sesame,low,manual,,tbsp=9*
Makhana (fox nut),मखाना,makhana|makhane|fox nut|lotus seeds|phool makhana,344,9.7,0.1,76.0,14.5,20,0,0.03,gi:medium|attr:high_fibre|attr:low_fat|meal:snack|cuisine:east,veg|eggetarian|non_veg|vegan|jain,,medium,manual,,katori=20*
Coconut oil,नारियल तेल,coconut oil|nariyal tel|copra oil,900,0,100.0,0,0,0,0,87.0,gi:low|attr:high_fat,veg|eggetarian|non_veg|vegan|jain,,medium,manual,,tsp=5*|tbsp=14
Mustard oil,सरसों तेल,mustard oil|sarson ka tel|sarso tel|kachi ghani,900,0,100.0,0,0,0,0,12.0,gi:low|attr:high_fat,veg|eggetarian|non_veg|vegan|jain,mustard,low,manual,,tsp=5*|tbsp=14
Sunflower oil,सूरजमुखी तेल,sunflower oil|surajmukhi tel|refined oil,900,0,100.0,0,0,0,0,11.0,gi:low|attr:high_fat,veg|eggetarian|non_veg|vegan|jain,,low,manual,,tsp=5*|tbsp=14
Groundnut oil,मूंगफली तेल,groundnut oil|moongphali tel|peanut oil|shengdana tel,900,0,100.0,0,0,0,0,17.0,gi:low|attr:high_fat,veg|eggetarian|non_veg|vegan|jain,peanut,low,manual,,tsp=5*|tbsp=14
Olive oil,जैतून तेल,olive oil|jaitun tel|extra virgin olive oil|evoo,900,0,100.0,0,0,2,0,14.0,gi:low|attr:high_fat|cuisine:global,veg|eggetarian|non_veg|vegan|jain,,premium,manual,,tsp=5*|tbsp=14
Rice bran oil,राइस ब्रान तेल,rice bran oil|chawal ka tel,900,0,100.0,0,0,0,0,25.0,gi:low|attr:high_fat,veg|eggetarian|non_veg|vegan|jain,,low,manual,,tsp=5*|tbsp=14
Vanaspati,वनस्पति,vanaspati|dalda|hydrogenated fat|vanaspati ghee,900,0,100.0,0,0,0,0,50.0,gi:low|attr:high_fat,veg|eggetarian|non_veg|vegan|jain,,low,manual,,tsp=5*|tbsp=14
Samosa,समोसा,samosa|samosaa|singara|samusa,301,5.0,17.0,32.0,2.5,380,0,7.5,gi:high|attr:fried|attr:high_fat|meal:snack|cuisine:north,veg|eggetarian|non_veg|vegan,wheat_gluten,low,manual,,piece=60*
Pakora (mixed),पकोड़ा,pakora|pakoda|bhajji|bhajiya|fritters|bhaji,302,7.0,18.0,28.0,3.5,400,0,8.0,gi:medium|attr:fried|attr:high_fat|meal:snack|cuisine:north,veg|eggetarian|non_veg|vegan,,low,manual,,piece=25*
Kachori,कचौड़ी,kachori|kachauri|kachodi,344,6.0,20.0,35.0,3.0,420,0,9.0,gi:high|attr:fried|attr:high_fat|meal:snack|cuisine:north,veg|eggetarian|non_veg|vegan|jain,wheat_gluten,low,manual,,piece=50*
Vada pav,वड़ा पाव,vada pav|vada pao|wada pav|batata vada pav,314,7.0,14.0,40.0,3.0,620,1.0,6.0,gi:high|attr:fried|attr:high_sodium|meal:snack|cuisine:west,veg|eggetarian|non_veg|vegan,wheat_gluten,low,manual,,piece=130*
Pav bhaji,पाव भाजी,pav bhaji|pao bhaji|pavbhaji,187,4.5,9.0,22.0,3.0,520,0,4.5,gi:high|attr:high_sodium|meal:snack|cuisine:west,veg|eggetarian|non_veg,wheat_gluten|milk,low,manual,,plate=250*
Chole bhature,छोले भटूरे,chole bhature|chhole bhature|chana bhatura,290,8.0,14.0,33.0,5.0,520,1.0,6.0,gi:high|attr:fried|attr:high_fat|meal:lunch|cuisine:north,veg|eggetarian|non_veg,wheat_gluten|milk,low,manual,,plate=300*
Bhel puri,भेल पूरी,bhel puri|bhelpuri|bhel,223,5.0,7.0,35.0,3.0,600,3.0,1.5,gi:high|attr:high_sodium|meal:snack|cuisine:west,veg|eggetarian|non_veg|vegan,wheat_gluten|peanut,low,manual,,plate=120*
Pani puri,पानी पूरी,pani puri|golgappa|gol gappa|puchka|phuchka|gupchup|paani puri,186,3.0,6.0,30.0,2.0,560,2.0,1.5,gi:high|attr:high_sodium|meal:snack|cuisine:north,veg|eggetarian|non_veg|vegan,wheat_gluten,low,manual,,piece=15*
Aloo tikki,आलू टिक्की,aloo tikki|alu tikki|potato tikki|tikki,202,3.0,10.0,25.0,2.2,420,0,4.0,gi:high|attr:fried|meal:snack|cuisine:north,veg|eggetarian|non_veg|vegan,,low,manual,,piece=60*
Veg momos,वेज मोमोज़,momos|momo|veg momos|dumpling|veg momo,176,5.0,4.0,30.0,1.8,400,0,1.0,gi:high|attr:high_sodium|meal:snack|cuisine:east,veg|eggetarian|non_veg|vegan,wheat_gluten|soy,low,manual,,piece=25*
Veg spring roll,स्प्रिंग रोल,spring roll|springroll|veg spring roll,256,5.0,12.0,32.0,2.0,520,1.0,5.0,gi:high|attr:fried|attr:high_sodium|meal:snack|cuisine:global,veg|eggetarian|non_veg|vegan,wheat_gluten|soy,low,manual,,piece=45*
Marie biscuit,मैरी बिस्कुट,marie biscuit|marie|biscuit|mari biscuit,436,7.0,12.0,75.0,2.0,400,20.0,6.0,gi:high|attr:sugary|meal:snack,veg|eggetarian|non_veg|jain,wheat_gluten|milk,low,manual,,piece=5*
Glucose biscuit,ग्लूकोज़ बिस्कुट,glucose biscuit|glucose biscuits|biscuit glucose,447,6.5,13.0,76.0,1.8,380,24.0,6.5,gi:high|attr:sugary|meal:snack,veg|eggetarian|non_veg|jain,wheat_gluten|milk,low,manual,,piece=6*
Cream biscuit,क्रीम बिस्कुट,cream biscuit|cream biscuits|bourbon biscuit,491,5.5,21.0,70.0,1.5,340,32.0,11.0,gi:high|attr:sugary|attr:high_fat|meal:snack,veg|eggetarian|non_veg|jain,wheat_gluten|milk|soy,low,manual,,piece=12*
Namkeen mixture,नमकीन मिक्सचर,namkeen|mixture|namkeen mixture|farsan|chivda,518,12.0,30.0,50.0,4.0,1100,1.0,12.0,gi:high|attr:fried|attr:high_sodium|attr:high_fat|meal:snack,veg|eggetarian|non_veg|vegan,peanut,low,manual,,katori=30*
Sev,सेव,sev|sev namkeen|nylon sev|besan sev,532,14.0,32.0,47.0,4.5,900,0,13.0,gi:high|attr:fried|attr:high_sodium|attr:high_fat|meal:snack|cuisine:west,veg|eggetarian|non_veg|vegan|jain,,low,manual,,katori=25*
Potato chips,आलू चिप्स,chips|potato chips|wafers|aloo chips,544,6.5,34.0,53.0,4.0,600,0,14.0,gi:high|attr:fried|attr:high_fat|attr:high_sodium|meal:snack|cuisine:global,veg|eggetarian|non_veg|vegan,,low,manual,,packet=30*
Popcorn (plain),पॉपकॉर्न,popcorn|pop corn|makai popcorn,380,11.0,4.5,74.0,14.0,8,0,0.6,gi:medium|attr:high_fibre|meal:snack|cuisine:global,veg|eggetarian|non_veg|vegan|jain,,low,manual,,cup=8*
Gulab jamun,गुलाब जामुन,gulab jamun|gulabjamun|gulab jamoon,306,4.5,12.0,45.0,0.5,90,32.0,6.5,gi:high|attr:sugary|attr:high_fat|meal:snack|cuisine:north,veg|eggetarian|non_veg|jain,milk|wheat_gluten,low,manual,,piece=40*
Rasgulla,रसगुल्ला,rasgulla|rosogolla|rasagolla|roshogolla,195,4.0,3.0,38.0,0,60,30.0,1.8,gi:high|attr:sugary|meal:snack|cuisine:east,veg|eggetarian|non_veg|jain,milk,low,manual,,piece=45*
Jalebi,जलेबी,jalebi|jilebi|jalebee|imarti,389,3.5,15.0,60.0,0.4,70,42.0,7.0,gi:high|attr:sugary|attr:fried|meal:snack|cuisine:north,veg|eggetarian|non_veg|jain,wheat_gluten,low,manual,,piece=25*
Besan laddu,बेसन लड्डू,besan laddu|besan ladoo|besan ke laddu,450,8.0,22.0,55.0,4.0,30,32.0,12.0,gi:high|attr:sugary|attr:high_fat|meal:snack|cuisine:north,veg|eggetarian|non_veg|jain,milk,medium,manual,,piece=40*
Motichoor laddu,मोतीचूर लड्डू,motichoor laddu|motichur ladoo|boondi laddu|laddu|ladoo,432,5.0,20.0,58.0,2.0,40,36.0,9.0,gi:high|attr:sugary|attr:fried|attr:high_fat|meal:snack|cuisine:north,veg|eggetarian|non_veg|jain,milk,medium,manual,,piece=40*
Kaju barfi,काजू बर्फी,kaju barfi|kaju katli|barfi|burfi|kaju burfi,442,9.0,22.0,52.0,1.5,45,30.0,7.0,gi:high|attr:sugary|attr:high_fat|meal:snack|cuisine:north,veg|eggetarian|non_veg|jain,tree_nut|milk,premium,manual,,piece=20*
Gajar halwa,गाजर का हलवा,gajar halwa|gajar ka halwa|carrot halwa|gajrela,235,4.0,11.0,30.0,2.0,80,18.0,6.5,gi:high|attr:sugary|attr:high_fat|meal:snack|cuisine:north,veg|eggetarian|non_veg,milk|tree_nut,medium,manual,,katori=100*
Suji halwa,सूजी का हलवा,suji halwa|sooji halwa|rava halwa|halwa|kesari bath,342,4.5,16.0,45.0,1.2,60,25.0,9.0,gi:high|attr:sugary|attr:high_fat|meal:snack|cuisine:north,veg|eggetarian|non_veg|jain,wheat_gluten|milk|tree_nut,low,manual,,katori=100*
Kheer (rice),खीर,kheer|payasam|chawal ki kheer|rice pudding|payesh,149,4.0,5.0,22.0,0.5,55,14.0,3.0,gi:high|attr:sugary|meal:snack|cuisine:north,veg|eggetarian|non_veg|jain,milk|tree_nut,low,manual,,katori=150*
Gajak,गजक,gajak|gazak|til gajak|revdi,462,8.0,22.0,58.0,5.0,30,40.0,4.0,gi:high|attr:sugary|attr:high_fat|meal:snack|cuisine:north,veg|eggetarian|non_veg|vegan|jain,sesame,low,manual,,piece=20*
Peanut chikki,मूंगफली चिक्की,chikki|peanut chikki|moongphali chikki|groundnut chikki,472,14.0,24.0,50.0,4.5,25,38.0,4.5,gi:high|attr:sugary|attr:high_fat|meal:snack,veg|eggetarian|non_veg|vegan|jain,peanut,low,manual,,piece=25*
Vanilla ice cream,वनीला आइसक्रीम,ice cream|icecream|vanilla ice cream|ice creem,209,3.5,11.0,24.0,0.4,80,20.0,7.0,gi:high|attr:sugary|attr:high_fat|meal:snack|cuisine:global,veg|eggetarian|non_veg|jain,milk,medium,manual,,scoop=60*
Milk chocolate,मिल्क चॉकलेट,chocolate|milk chocolate|choclate|chocolat,536,7.5,30.0,59.0,3.0,80,50.0,18.0,gi:high|attr:sugary|attr:high_fat|meal:snack|cuisine:global,veg|eggetarian|non_veg|jain,milk|soy|tree_nut,medium,manual,,bar=40*
Tea with milk and sugar,चाय,tea|chai|chaai|milk tea|masala chai|cutting chai|chay,47,1.0,1.2,8.0,0,20,6.0,0.7,gi:high|attr:sugary|meal:breakfast,veg|eggetarian|non_veg|jain,milk,low,manual,,cup=150*
"Tea with milk, no sugar",बिना चीनी चाय,tea without sugar|chai without sugar|sugar free chai|feeki chai,23,1.0,1.2,2.0,0,20,0,0.7,gi:low|meal:breakfast,veg|eggetarian|non_veg|jain,milk,low,manual,,cup=150*
Black tea (no sugar),काली चाय,black tea|kali chai|lemon tea|nimbu chai,1,0,0,0.3,0,3,0,0,gi:low|attr:low_fat|meal:breakfast,veg|eggetarian|non_veg|vegan|jain,,low,manual,,cup=150*
Green tea,ग्रीन टी,green tea|hari chai|grean tea,1,0,0,0.2,0,2,0,0,gi:low|attr:low_fat|meal:snack|cuisine:global,veg|eggetarian|non_veg|vegan|jain,,low,manual,,cup=150*
Coffee with milk and sugar,कॉफी,coffee|kaapi|filter coffee|milk coffee|cofee,53,1.2,1.4,9.0,0,22,7.0,0.8,gi:high|attr:sugary|meal:breakfast,veg|eggetarian|non_veg|jain,milk,low,manual,,cup=150*
Black coffee (no sugar),ब्लैक कॉफी,black coffee|kali coffee|americano,2,0.1,0,0.5,0,4,0,0,gi:low|attr:low_fat|meal:breakfast,veg|eggetarian|non_veg|vegan|jain,,low,manual,,cup=150*
Cola soft drink,कोल्ड ड्रिंक,cold drink|cola|soft drink|soda drink|thanda|coldrink,42,0,0,10.6,0,10,10.6,0,gi:high|attr:sugary|meal:snack|cuisine:global,veg|eggetarian|non_veg|vegan|jain,,low,manual,,glass=250*|bottle=330
Packaged mango juice,पैक्ड मैंगो जूस,mango juice|packed juice|aam ka juice|packaged juice,53,0.1,0.1,13.0,0.2,8,11.0,0.02,gi:high|attr:sugary|meal:snack,veg|eggetarian|non_veg|vegan|jain,,low,manual,,glass=200*
Sweet lime soda,नींबू सोडा,lime soda|nimbu soda|shikanji|lemon soda|masala soda,40,0.1,0,10.0,0,60,9.0,0,gi:high|attr:sugary|meal:snack,veg|eggetarian|non_veg|vegan|jain,,low,manual,,glass=250*
Coconut water,नारियल पानी,coconut water|nariyal pani|nariyal paani|elaneer|tender coconut,19,0.7,0.2,3.7,1.1,105,0,0.2,gi:low|attr:hydrating|attr:low_fat|meal:snack,veg|eggetarian|non_veg|vegan|jain,,low,manual,,glass=200*
Sugarcane juice,गन्ने का रस,sugarcane juice|ganne ka ras|ganna juice|cane juice,74,0.3,0.1,18.0,0.2,15,0,0.03,gi:high|attr:sugary|meal:snack,veg|eggetarian|non_veg|vegan|jain,,low,manual,,glass=250*
Fresh lime water (no sugar),नींबू पानी,nimbu pani|lemon water|lime water|nimboo pani,6,0.1,0,1.5,0.1,5,0,0,gi:low|attr:hydrating|attr:vitamin_c|meal:snack,veg|eggetarian|non_veg|vegan|jain,,low,manual,,glass=250*
Mango pickle,आम का अचार,achar|mango pickle|aam ka achar|pickle|aachar,214,1.0,18.0,12.0,3.0,2500,0,2.2,gi:low|attr:high_sodium|attr:high_fat,veg|eggetarian|non_veg|vegan|jain,mustard,low,manual,,tsp=8*|tbsp=20
Mint chutney,पुदीना चटनी,mint chutney|pudina chutney|hari chutney|green chutney|chutney,60,2.5,2.0,8.0,3.0,420,0,0.4,gi:low|attr:low_fat,veg|eggetarian|non_veg|vegan,,low,manual,,tbsp=15*
Coconut chutney,नारियल चटनी,coconut chutney|nariyal chutney|thengai chutney|white chutney,152,3.0,12.0,8.0,4.0,380,0,10.0,gi:low|attr:high_fat|cuisine:south,veg|eggetarian|non_veg|vegan|jain,tree_nut,low,manual,,tbsp=15*
Tamarind chutney,इमली चटनी,tamarind chutney|imli chutney|meethi chutney|saunth,188,1.0,0.5,45.0,2.0,450,30.0,0.2,gi:high|attr:sugary,veg|eggetarian|non_veg|vegan|jain,,low,manual,,tbsp=15*
Papad (roasted),पापड़,papad|papadum|appalam|pappadam|papar,338,22.0,2.0,58.0,5.0,1800,0,0.5,gi:medium|attr:high_sodium|attr:high_protein,veg|eggetarian|non_veg|vegan|jain,,low,manual,,piece=10*
Tomato ketchup,टोमैटो केचप,ketchup|tomato ketchup|tomato sauce|sauce|catchup,111,1.2,0.2,26.0,0.4,900,22.0,0.05,gi:high|attr:sugary|attr:high_sodium|cuisine:global,veg|eggetarian|non_veg|vegan|jain,,low,manual,,tbsp=15*
Mayonnaise,मेयोनीज़,mayonnaise|mayo|mayonaise,609,1.0,65.0,5.0,0,700,3.0,10.0,gi:low|attr:high_fat|attr:high_sodium|cuisine:global,eggetarian|non_veg,egg|mustard,medium,manual,,tbsp=14*
Mixed fruit jam,जैम,jam|mixed fruit jam|fruit jam,262,0.4,0.1,65.0,0.8,30,60.0,0.02,gi:high|attr:sugary|meal:breakfast,veg|eggetarian|non_veg|vegan|jain,,low,manual,,tsp=7*|tbsp=20
Honey,शहद,honey|shahad|shehad|madhu,329,0.3,0,82.0,0.2,4,0,0,gi:high|attr:sugary,veg|eggetarian|non_veg|jain,,medium,manual,,tsp=7*|tbsp=21
Sugar,चीनी,sugar|cheeni|chini|shakkar|white sugar|sakkar,400,0,0,100.0,0,1,100.0,0,gi:high|attr:sugary,veg|eggetarian|non_veg|vegan|jain,,low,manual,,tsp=5*|tbsp=12
Jaggery (gud),गुड़,jaggery|gud|gur|bella|bellam,382,0.4,0.1,95.0,0,30,95.0,0.05,gi:high|attr:sugary|attr:iron_rich,veg|eggetarian|non_veg|vegan|jain,,low,manual,,tsp=6*|piece=20
